{"train_ce": [0.923326043287913, 0.9171881039937337, 0.9102416555086772, 0.9039331436157226, 0.8962833682696024, 0.8883244713147481, 0.8791870236396789, 0.8685640931129456, 0.8559140721956889, 0.842322293917338, 0.8271014372507731, 0.8097849210103353, 0.7905466556549072, 0.7702035268147787, 0.7471383452415467, 0.7226508458455404, 0.6972668290138244, 0.6693418780962627, 0.6408366441726685, 0.6096993247667949, 0.5772373119990031, 0.5453193942705791, 0.5125843286514282, 0.4791874289512634, 0.4461458166440328, 0.41515884796778363, 0.3825828154881795, 0.3530831495920817, 0.32643144726753237, 0.29702746669451396, 0.27295854489008586, 0.2490789035956065, 0.2243569513161977, 0.2087882290283839, 0.19147406021753946, 0.17658013304074605, 0.1606417586406072, 0.14790326058864595, 0.13677459061145783, 0.12386217812697092, 0.11565561493237814, 0.11280902077754339, 0.10707854727904002, 0.0969881887237231, 0.09503601292769114, 0.08905259917179743, 0.08578081925710042, 0.08525482962528864, 0.07706791162490845, 0.0755545566479365], "val_ce": [0.9286901354789734, 0.9275063872337341, 0.9257230162620544, 0.9233832955360413, 0.9202853441238403, 0.9162344336509705, 0.9107954502105713, 0.9032256007194519, 0.8926010727882385, 0.8762823343276978, 0.8548950552940369, 0.8307294845581055, 0.7989177107810974, 0.7653661966323853, 0.7367610931396484, 0.7139542102813721, 0.6637800931930542, 0.6195716857910156, 0.5971903800964355, 0.5677209496498108, 0.5322477221488953, 0.49623993039131165, 0.4628541171550751, 0.4280542731285095, 0.3977210521697998, 0.37754857540130615, 0.3438284695148468, 0.3101823329925537, 0.2935042083263397, 0.26429271697998047, 0.24913357198238373, 0.23141151666641235, 0.22236651182174683, 0.20537348091602325, 0.18893055617809296, 0.17845311760902405, 0.1674586683511734, 0.1523919552564621, 0.15061792731285095, 0.14507083594799042, 0.1385812610387802, 0.12892833352088928, 0.12478841096162796, 0.1337815374135971, 0.1169111505150795, 0.12163092195987701, 0.11998939514160156, 0.11165915429592133, 0.1001051515340805, 0.09532343596220016], "train_dice": [0.9178698102633158, 0.9187027931213378, 0.9166119972864787, 0.9186001022656759, 0.916871968905131, 0.9184031804402669, 0.9190588355064392, 0.9193284034729003, 0.9159894108772277, 0.9171431819597881, 0.9182694753011068, 0.917465623219808, 0.9170659144719442, 0.9195566892623901, 0.9167074044545491, 0.9134046157201131, 0.9146556774775187, 0.9147952477137248, 0.917512059211731, 0.9148458560307821, 0.9136456489562989, 0.9143672863642375, 0.9141632914543152, 0.9102941155433655, 0.9125543395678203, 0.9091321190198263, 0.9121301412582398, 0.9116915464401245, 0.9108518481254577, 0.9084277311960857, 0.9082251866658528, 0.9064863284428915, 0.906510305404663, 0.9063992460568746, 0.9068811178207398, 0.9016345898310344, 0.9049481391906739, 0.9047441204388936, 0.9025231917699178, 0.9030999382336934, 0.9027328372001648, 0.9039226214090983, 0.9017429987589518, 0.9004749536514283, 0.904103410243988, 0.9026657660802205, 0.90146484375, 0.8986446221669515, 0.9039584000905355, 0.9031909386316935], "val_dice": [0.9405867457389832, 0.9405871629714966, 0.9405877590179443, 0.9405885338783264, 0.940589427947998, 0.9405903816223145, 0.94059157371521, 0.9405912756919861, 0.9405816197395325, 0.940582811832428, 0.9406158924102783, 0.9406065940856934, 0.9406002759933472, 0.9405051469802856, 0.9405314326286316, 0.9401264786720276, 0.9400028586387634, 0.940731942653656, 0.9402069449424744, 0.9402754306793213, 0.940940260887146, 0.9408907890319824, 0.9410575032234192, 0.9410273432731628, 0.9408242702484131, 0.9411678910255432, 0.9411900043487549, 0.9391562938690186, 0.9409558773040771, 0.9405562877655029, 0.9404265284538269, 0.9399877190589905, 0.939395010471344, 0.935936450958252, 0.936486542224884, 0.9370326399803162, 0.9378990530967712, 0.9357174634933472, 0.9366376996040344, 0.9361822009086609, 0.9359463453292847, 0.9351983666419983, 0.9352536201477051, 0.938323974609375, 0.9355892539024353, 0.9315252304077148, 0.9339543581008911, 0.9349544644355774, 0.9324876070022583, 0.9320887923240662], "train_loss": [1.841195821762085, 1.8358908971150716, 1.826853593190511, 1.8225332419077556, 1.8131553649902343, 1.8067277113596598, 1.7982458273569744, 1.787892468770345, 1.7719034830729166, 1.7594655354817708, 1.74537091255188, 1.727250576019287, 1.7076125383377074, 1.689760184288025, 1.6638457457224527, 1.6360554615656535, 1.6119225343068442, 1.5841371536254882, 1.5583487033843995, 1.5245452086130777, 1.4908829927444458, 1.4596866766611736, 1.4267475922902426, 1.389481576283773, 1.3587001403172811, 1.3242909510930378, 1.2947129249572753, 1.2647746801376343, 1.2372833093007405, 1.205455199877421, 1.1811837355295818, 1.1555652141571044, 1.1308672428131104, 1.1151874701182047, 1.0983551661173503, 1.078214693069458, 1.0655898968378703, 1.0526473760604858, 1.0392978111902873, 1.0269621054331461, 1.0183884064356485, 1.0167316913604736, 1.0088215748469034, 0.9974631587664287, 0.999139420191447, 0.9917183319727579, 0.9872456789016724, 0.9838994741439819, 0.9810263037681579, 0.9787454883257548], "val_loss": [1.8692768812179565, 1.868093490600586, 1.8663108348846436, 1.8639718294143677, 1.8608747720718384, 1.8568248748779297, 1.8513870239257812, 1.843816876411438, 1.833182692527771, 1.8168652057647705, 1.79551100730896, 1.7713360786437988, 1.7395179271697998, 1.705871343612671, 1.6772925853729248, 1.6540806293487549, 1.6037828922271729, 1.5603036880493164, 1.5373973846435547, 1.5079963207244873, 1.4731879234313965, 1.4371306896209717, 1.4039115905761719, 1.3690816164016724, 1.338545322418213, 1.3187165260314941, 1.2850184440612793, 1.2493386268615723, 1.2344601154327393, 1.2048490047454834, 1.189560055732727, 1.1713992357254028, 1.1617615222930908, 1.1413099765777588, 1.1254171133041382, 1.1154857873916626, 1.1053577661514282, 1.0881093740463257, 1.087255597114563, 1.0812530517578125, 1.074527621269226, 1.06412672996521, 1.0600420236587524, 1.0721055269241333, 1.0525003671646118, 1.0531561374664307, 1.0539437532424927, 1.0466135740280151, 1.0325927734375, 1.0274121761322021], "train_dice_per_channel": [[0.9178698062896729], [0.9187028408050537], [0.9166119694709778], [0.9186000823974609], [0.916871964931488], [0.9184032082557678], [0.9190588593482971], [0.9193284511566162], [0.9159894585609436], [0.9171431660652161], [0.9182694554328918], [0.9174655675888062], [0.9170659184455872], [0.9195566773414612], [0.9167073369026184], [0.9134045839309692], [0.9146556854248047], [0.9147952198982239], [0.917512059211731], [0.9148458242416382], [0.9136456847190857], [0.9143673181533813], [0.91416335105896], [0.9102941155433655], [0.9125543236732483], [0.9091321229934692], [0.9121301174163818], [0.9116915464401245], [0.9108518362045288], [0.9084277749061584], [0.9082251787185669], [0.9064863324165344], [0.9065102934837341], [0.9063993096351624], [0.9068810939788818], [0.9016345739364624], [0.9049481749534607], [0.9047440886497498], [0.9025231599807739], [0.9030999541282654], [0.9027328491210938], [0.9039226770401001], [0.9017429947853088], [0.9004749059677124], [0.9041033983230591], [0.9026657938957214], [0.9014648199081421], [0.8986446261405945], [0.9039583802223206], [0.9031909108161926]],